0,1,2,3,4,5,6,7,8,9,10,11,12,13,14,15,16,17,18,19,20,21,22,23,24,25,26,27,28,29,30,31,32,33,34,35,36,37,38,39,40,41,42,43,44,45,46,47,48
419,422,186,212,263,268,243,256,96,115,144,158,130,135,42,67,90,118,108,94,18,48,78,104,97,117,338,384,351,379,335,365,344,394,402,455,439,502,473,565,572,592,609,641,593,680,654,664,empty
251,253,111,127,163,161,145,153,57,69,86,94,78,81,25,40,54,71,64,56,11,29,46,62,58,70,369,416,367,406,358,395,685,710,646,682,653,710,701,808,823,872,922,978,944,1044,1030,1062,empty
151,152,67,85,129,130,107,105,34,41,52,56,46,48,15,24,32,42,38,34,6,17,28,37,35,42,221,249,220,244,215,237,609,607,537,573,535,591,854,940,878,913,938,980,918,1034,997,1027,empty
634,647,59,111,209,225,195,133,20,24,31,34,28,29,9,14,19,25,23,20,4,10,16,22,21,25,133,149,132,146,129,142,365,364,322,344,321,355,512,586,553,548,563,588,836,934,839,867,empty
1232,1238,157,231,374,388,343,314,12,14,55,40,17,17,5,8,11,15,13,12,2,6,10,13,12,15,79,89,79,87,77,85,219,218,193,206,192,213,307,351,332,329,337,352,502,560,503,520,empty
1705,1722,657,719,838,819,758,731,168,180,266,263,223,150,3,6,39,9,8,7,1,3,6,10,7,9,47,53,47,52,46,51,131,131,116,123,115,127,184,211,199,197,202,211,301,336,302,312,empty
1855,1866,869,923,1034,1010,921,890,367,393,455,464,401,358,131,156,183,175,155,29,0,10,27,44,20,5,28,32,28,31,27,30,79,78,69,74,69,76,110,126,119,118,121,127,180,201,181,187,empty
1512,1521,649,703,821,797,736,719,314,353,401,411,339,334,129,164,192,197,181,113,30,28,83,96,63,3,30,43,44,50,21,18,47,47,41,44,41,46,66,76,71,71,72,76,108,121,108,112,empty
917,938,409,460,546,538,505,506,216,245,305,329,265,271,92,132,173,188,154,143,39,56,107,125,100,77,126,147,148,169,128,141,277,296,247,255,218,192,249,291,255,247,228,206,189,207,187,179,empty
550,563,245,276,337,342,315,336,129,147,193,223,167,188,55,79,109,136,112,123,23,58,101,125,110,118,248,284,274,325,251,278,338,376,346,364,317,315,320,395,382,414,448,444,415,438,403,408,empty
330,338,147,165,202,212,189,235,77,88,116,140,100,113,33,47,65,82,68,73,14,34,61,91,81,89,216,267,260,299,265,300,625,666,589,605,573,617,639,767,752,815,861,889,850,912,875,910,empty
198,202,88,99,140,146,123,159,46,53,69,84,60,67,19,28,39,49,41,44,8,20,36,66,48,53,272,252,242,283,255,280,559,612,547,572,541,585,898,992,917,968,1003,1024,1010,1084,1056,1107,empty
118,121,53,89,134,144,93,95,28,31,41,50,36,40,11,17,23,29,24,26,5,12,22,40,29,32,163,151,145,170,153,168,407,450,401,362,355,351,774,852,764,805,826,854,1151,1208,1118,1182,empty
842,840,97,155,272,298,241,165,16,19,25,30,21,24,7,10,14,17,14,15,3,7,13,24,17,19,98,91,87,102,91,101,244,270,240,217,213,210,464,511,458,483,495,512,818,840,781,711,empty
1401,1396,231,303,459,482,425,374,15,42,88,92,65,25,4,6,14,24,15,9,1,4,7,14,10,11,58,54,52,61,55,60,146,162,144,130,128,126,278,306,275,290,297,307,491,504,468,427,empty
1775,1769,689,745,879,860,792,754,287,325,366,370,321,31,12,10,36,33,20,5,1,2,4,8,6,6,35,32,31,36,33,36,87,97,86,78,76,75,167,184,165,174,178,184,294,302,281,256,empty
1791,1784,822,890,993,958,890,861,396,434,478,485,425,258,120,147,169,168,148,3,0,20,24,41,20,4,21,19,18,22,19,21,52,58,51,47,46,45,100,110,99,104,107,110,176,181,168,153,empty
1267,1275,512,566,692,673,624,618,288,331,371,386,334,238,101,159,162,177,159,79,25,77,70,93,83,77,91,108,105,117,91,13,38,55,51,43,27,27,60,66,59,62,64,66,106,108,101,92,empty
760,765,307,357,453,451,418,423,175,226,264,291,242,194,61,114,135,168,143,111,15,65,93,116,107,123,187,218,223,238,189,155,312,337,296,321,268,267,258,280,260,283,273,135,353,373,301,266,empty
456,459,184,214,272,275,250,263,105,137,176,202,159,143,36,68,87,118,105,98,9,43,79,91,104,133,297,342,329,358,327,284,373,411,401,435,398,447,440,507,492,560,572,523,630,687,645,654,empty
273,275,110,128,163,165,150,164,63,82,105,121,95,86,21,41,52,71,63,59,5,25,47,60,66,80,288,341,319,350,321,315,626,672,598,633,593,658,664,781,775,874,905,921,960,1064,1025,1058,empty
164,165,66,82,127,127,110,98,37,49,63,72,57,51,13,24,31,42,37,35,3,15,28,36,39,48,193,253,241,212,203,189,587,635,552,579,540,597,876,963,899,960,968,979,990,1096,1057,1122,empty
420,430,83,117,197,204,174,103,22,29,38,43,34,30,7,14,18,25,22,21,1,9,17,21,23,28,116,152,144,127,122,113,352,381,331,347,324,358,665,684,632,576,587,587,1047,1119,1007,1055,empty
1078,1083,103,159,317,333,290,247,13,17,44,32,20,24,4,8,11,15,13,12,1,5,10,13,14,17,69,91,86,76,73,68,211,228,199,208,194,215,399,410,379,345,352,352,628,671,604,633,empty
1585,1597,573,622,762,745,688,652,102,126,197,196,162,26,2,5,6,21,8,7,0,3,6,7,8,10,41,54,52,45,44,40,126,137,119,125,116,129,239,246,227,207,211,211,376,403,362,379,empty
1831,1836,845,884,1015,979,914,889,319,362,415,411,372,286,114,121,154,159,147,4,0,7,27,27,5,6,25,32,31,27,26,24,76,82,71,75,70,77,143,147,136,124,126,126,226,241,217,227,empty
1639,1656,677,723,865,831,786,765,294,341,390,393,350,299,138,151,186,195,177,77,32,57,67,92,60,65,15,19,18,20,15,14,45,49,42,45,42,46,86,88,82,74,76,76,135,145,130,136,empty
1051,1076,447,499,609,592,559,556,209,253,306,319,276,256,106,132,170,187,168,116,42,94,89,119,95,110,120,141,138,152,121,132,202,220,196,192,163,129,141,153,136,52,45,45,81,87,78,82,empty
630,645,268,299,379,379,357,360,125,162,211,235,192,190,64,79,125,150,138,118,33,89,107,133,133,144,229,265,255,274,235,253,273,307,297,326,264,257,248,281,275,232,191,214,221,240,232,238,empty
378,387,161,179,227,239,216,226,75,97,130,157,115,116,38,47,75,101,102,80,20,53,93,109,103,135,298,348,332,361,332,354,636,671,606,632,599,647,642,712,700,735,727,774,746,803,785,809,empty
227,232,96,107,155,162,134,144,45,58,78,94,69,70,23,28,45,60,61,48,12,32,56,65,62,87,307,351,316,351,323,340,766,817,711,731,693,731,717,800,774,838,859,929,902,1001,992,1039,empty
136,139,57,79,135,138,99,106,27,35,47,56,41,42,13,17,27,36,37,28,7,19,33,39,37,52,184,210,190,210,194,204,658,678,561,580,540,516,785,850,762,828,808,882,851,935,917,950,empty
745,735,53,101,214,243,197,181,16,21,31,34,24,25,8,10,16,21,22,17,4,11,20,23,22,31,110,126,114,126,116,122,394,407,336,348,324,309,471,510,457,496,484,529,663,744,700,583,empty
1317,1307,145,213,359,404,353,347,9,16,63,72,46,47,4,6,9,13,13,10,2,6,12,14,13,18,66,75,68,75,69,73,236,244,202,208,194,185,282,306,274,298,290,317,398,446,420,349,empty
1761,1747,643,698,845,824,761,745,218,246,306,316,266,129,15,40,52,64,54,51,1,4,13,8,8,11,39,45,41,45,41,44,142,146,121,125,116,111,169,183,164,178,174,190,239,268,252,209,empty
1873,1825,833,886,1012,972,901,890,367,409,459,474,403,330,131,165,184,198,178,152,45,60,87,93,62,27,23,27,24,27,25,26,85,87,72,75,70,66,101,110,98,107,104,114,143,160,151,125,empty
1455,1435,564,622,756,727,680,653,294,341,384,399,339,304,119,143,186,201,183,174,53,68,124,100,96,32,24,37,44,58,47,44,51,52,43,45,42,40,61,66,59,64,62,68,86,96,90,75,empty
873,885,339,396,498,488,452,449,176,231,279,297,248,241,79,92,152,181,168,170,36,85,130,123,115,97,133,162,158,179,150,154,273,302,262,261,226,234,357,364,316,314,261,41,186,198,158,126,empty
524,531,203,237,301,307,277,289,105,151,193,230,172,176,47,55,108,140,135,143,21,64,108,123,99,124,259,298,284,306,270,255,340,384,368,380,334,351,417,476,464,498,484,388,450,519,464,442,empty
314,318,122,142,180,188,166,177,63,90,116,149,103,105,28,33,65,84,81,86,13,38,64,88,68,91,291,342,330,356,314,326,653,698,639,660,595,664,707,824,823,888,913,886,900,993,944,956,empty
188,191,73,85,127,132,112,106,38,54,69,89,62,63,17,20,39,50,48,51,7,23,38,52,40,54,283,314,311,257,229,195,832,881,738,755,693,743,1064,1151,1064,1111,1121,1122,1109,1209,1171,1202,empty
189,211,44,72,137,143,116,89,22,32,41,53,37,38,10,12,23,30,29,31,4,13,23,31,24,32,170,188,187,154,137,117,499,529,443,459,420,452,812,889,806,850,856,740,1073,1155,1057,1082,empty
892,913,91,146,300,301,259,175,13,19,25,51,22,22,6,7,14,18,17,18,2,8,14,19,14,19,102,113,112,92,82,70,299,317,265,275,252,271,487,533,483,510,514,444,649,729,674,688,empty
1445,1454,238,304,488,497,448,395,20,39,92,110,71,59,3,4,8,10,10,11,1,5,8,11,8,11,61,67,67,55,49,42,179,190,159,165,151,162,292,320,290,306,308,266,389,437,404,412,empty
1782,1784,678,726,881,858,802,742,287,315,363,374,322,202,53,70,87,96,87,92,1,3,19,6,5,7,36,40,40,33,29,25,107,114,95,99,90,97,175,192,174,183,185,160,233,262,242,247,empty
1720,1730,746,796,930,890,831,796,347,390,443,454,410,319,139,167,187,200,182,190,53,75,82,94,73,4,22,24,24,20,17,15,64,68,57,59,54,58,105,115,104,110,111,96,140,157,145,148,empty
1177,1195,447,485,618,610,557,550,220,268,316,332,295,250,86,133,162,182,160,177,51,89,102,123,82,70,106,125,123,124,97,15,122,131,91,111,69,42,63,69,62,66,66,57,84,94,87,89,empty
706,717,268,309,403,418,371,377,132,168,216,227,222,194,51,104,136,160,137,167,49,92,102,142,116,125,207,239,231,231,209,169,391,408,355,342,315,312,293,309,276,280,266,262,243,286,246,251,empty
423,430,161,185,241,269,229,239,79,101,130,164,133,123,31,62,81,113,91,100,29,55,73,112,104,133,328,378,348,362,330,325,438,468,449,493,477,522,516,576,570,612,624,643,599,690,658,686,empty
254,258,96,111,147,163,137,143,47,60,78,98,79,73,18,37,49,67,54,60,17,33,44,67,62,80,350,401,360,384,353,361,739,761,670,712,693,737,733,832,832,908,953,1011,956,1073,1052,1096,empty
152,154,58,73,116,129,106,102,28,36,46,59,47,44,11,22,29,40,32,36,10,20,26,40,37,48,210,241,216,230,212,221,635,651,566,600,575,622,900,977,906,938,952,1015,964,1064,1035,1096,empty
543,572,66,95,196,226,179,183,17,21,28,40,28,26,6,13,17,24,19,21,6,12,15,24,22,28,126,144,129,138,127,133,381,390,340,360,345,373,606,650,575,608,613,609,968,1038,940,990,empty
1165,1180,142,195,357,357,331,257,10,13,36,24,17,15,4,8,10,14,11,12,3,7,9,14,13,17,75,86,77,83,76,79,228,234,204,216,207,223,363,390,345,364,368,365,581,622,564,594,empty
1647,1668,629,681,815,784,734,679,154,179,241,242,203,129,2,4,9,8,7,7,2,4,5,8,8,10,45,52,46,49,45,47,137,140,122,129,124,134,218,234,207,218,221,219,348,373,338,356,empty
1845,1852,868,917,1036,988,930,890,363,399,446,449,396,350,128,149,165,176,155,79,28,34,48,35,11,22,27,31,28,29,27,28,82,84,73,77,74,80,130,140,124,131,132,131,209,224,203,213,empty
1565,1581,689,740,865,829,777,757,326,370,409,422,372,344,143,176,195,215,191,152,66,78,105,100,69,88,16,18,24,20,16,17,49,50,44,46,44,48,78,84,74,78,79,79,125,134,121,128,empty
972,997,439,489,589,575,541,536,204,284,299,316,272,273,122,141,172,193,172,159,60,86,118,128,99,122,112,132,136,146,123,132,234,249,216,225,188,167,223,240,210,55,48,51,75,80,73,76,empty
583,598,263,296,373,371,346,354,122,170,186,209,169,205,73,91,127,158,136,147,36,67,111,132,113,153,235,253,293,279,242,265,301,335,319,333,298,290,307,344,324,263,272,284,265,287,276,284,empty
349,359,158,177,228,230,210,231,73,102,112,135,101,129,44,54,76,109,82,88,21,40,67,91,78,101,209,247,274,290,261,293,609,648,588,591,556,606,625,722,717,708,748,782,744,806,795,817,empty
209,215,94,106,153,154,138,152,44,61,67,81,61,77,26,32,46,65,49,52,13,24,40,55,46,60,260,263,270,283,259,252,555,604,544,559,528,576,893,970,905,912,941,993,952,1041,1034,1078,empty
125,129,56,89,150,143,118,91,26,36,40,48,36,46,15,19,27,39,29,31,7,14,24,33,28,36,156,158,162,169,155,151,454,494,435,408,389,438,859,921,835,849,865,900,864,939,928,958,empty
804,810,58,111,250,260,229,142,15,22,24,29,22,28,9,11,16,23,17,19,4,8,14,19,16,21,93,94,97,101,93,90,272,296,261,245,233,262,515,552,501,509,519,540,697,757,715,574,empty
1362,1363,156,226,388,426,379,334,9,22,66,79,55,35,5,7,15,14,10,11,2,5,8,11,10,13,56,56,58,61,56,54,163,178,156,147,140,157,309,331,300,305,311,324,418,454,429,344,empty
1770,1765,650,706,854,832,771,736,234,263,323,331,287,91,3,23,43,8,6,6,1,3,5,7,6,7,33,34,35,36,33,32,98,106,94,88,84,94,185,199,180,183,186,194,251,272,257,206,empty
1815,1807,826,866,980,948,888,862,376,407,464,468,416,301,121,152,176,164,148,124,43,63,73,87,61,4,20,20,21,22,20,19,58,64,56,52,50,56,111,119,108,110,112,116,150,163,154,124,empty
1355,1357,540,583,711,694,652,638,283,320,369,383,333,271,104,140,169,176,161,145,48,79,93,118,89,64,71,91,89,99,72,62,35,38,33,35,30,34,66,71,64,66,67,70,90,98,92,74,empty
813,815,324,360,462,471,428,442,170,192,245,272,231,206,62,103,141,155,145,145,40,81,103,135,108,112,163,196,189,199,170,174,290,331,264,284,250,248,233,266,248,244,213,225,342,343,295,127,empty
487,489,194,216,285,298,268,307,102,115,159,186,148,149,37,61,91,112,106,119,24,65,92,130,111,138,276,319,307,330,267,307,358,417,377,401,360,400,385,466,471,496,503,534,582,637,606,525,empty
292,293,116,129,171,191,160,190,61,69,95,112,88,89,22,37,54,73,64,77,14,39,55,84,69,85,310,358,330,366,319,351,637,699,615,621,594,669,667,798,801,866,893,962,963,1052,1026,984,empty
175,176,69,77,124,135,104,119,36,41,57,67,53,53,13,22,32,44,38,46,8,23,33,50,41,51,257,310,275,251,226,210,766,798,688,699,655,711,994,1087,1019,1057,1053,1106,1099,1160,1162,1152,empty
335,346,79,110,193,207,162,160,22,24,34,40,32,32,8,13,19,26,23,28,5,14,19,30,24,30,154,186,165,150,136,126,459,479,413,419,393,427,782,845,776,673,672,664,1075,1124,1040,1043,empty
1015,1018,114,182,333,358,302,252,13,14,57,57,30,19,4,8,11,15,13,16,3,8,11,18,14,18,92,111,99,90,81,75,275,287,247,251,235,256,469,507,466,404,403,398,645,674,624,625,empty
1532,1529,563,636,737,761,682,632,91,117,195,202,159,11,2,4,13,9,8,10,1,5,7,11,8,11,55,66,59,54,48,45,165,172,148,151,141,153,281,304,279,242,242,239,387,404,374,375,empty
1819,1813,862,916,1021,1006,915,883,326,357,424,432,370,280,109,130,149,104,93,6,1,8,11,6,5,6,33,40,35,32,29,27,99,103,89,90,84,92,169,182,167,145,145,143,232,242,224,225,empty
1686,1687,769,825,939,915,837,823,342,380,407,418,358,313,139,163,180,173,154,95,28,57,62,65,50,3,20,24,21,19,17,16,59,62,53,54,50,55,101,109,100,87,87,86,139,145,134,135,empty
1110,1125,462,525,632,620,572,573,205,252,286,305,237,239,96,130,152,158,146,127,34,75,114,97,81,60,97,119,127,135,94,105,166,186,161,167,132,61,86,100,92,52,52,51,83,87,80,81,empty
666,675,277,315,385,385,353,374,123,151,172,208,148,162,57,79,114,129,122,126,21,70,88,96,95,99,203,241,234,247,215,229,430,450,394,401,343,322,309,342,330,300,288,266,261,301,280,281,empty
399,405,166,189,235,243,220,242,74,90,103,131,89,97,34,47,68,85,78,81,12,42,52,84,81,111,348,387,369,394,332,369,470,519,484,545,523,562,543,618,629,654,676,689,659,733,711,733,empty
239,243,99,113,148,161,132,150,44,54,61,78,53,58,20,28,41,51,46,48,7,25,31,50,48,67,280,334,314,351,300,343,587,636,574,622,589,636,619,670,727,781,824,880,850,953,940,986,empty
143,145,59,74,120,135,119,90,26,32,37,47,32,35,12,17,24,30,28,29,4,15,19,30,29,40,168,200,188,211,180,206,598,591,512,554,516,562,897,941,893,924,943,980,938,1019,998,1033,empty
649,656,43,85,200,220,191,76,16,19,22,28,19,21,7,10,14,18,16,17,2,9,11,18,17,24,100,120,113,126,108,123,358,355,307,332,309,337,538,565,544,554,566,588,857,918,848,878,empty
1247,1246,128,189,363,382,333,269,9,11,37,49,28,12,4,6,8,11,10,10,1,5,6,10,10,14,60,72,67,75,65,74,215,213,184,199,185,202,323,339,326,332,339,353,514,550,509,526,empty
1714,1704,644,698,842,818,754,705,236,263,310,316,266,32,2,19,28,36,25,12,0,3,4,6,6,8,36,43,40,45,39,44,129,127,110,119,111,121,193,203,196,199,203,211,308,330,305,316,empty
1850,1841,864,910,1035,991,925,905,406,441,486,488,415,289,130,160,176,189,163,34,0,17,28,35,14,5,21,26,24,27,23,26,77,76,66,71,66,72,116,122,117,119,122,127,185,198,183,189,empty
1495,1495,642,693,823,788,737,726,326,371,413,414,339,287,125,160,189,217,176,110,20,61,79,93,62,64,13,34,41,54,33,16,46,46,39,43,40,43,69,73,70,71,73,76,111,119,109,113,empty
897,916,407,459,556,534,503,508,196,245,287,319,244,199,83,131,162,188,169,136,29,74,119,120,95,109,112,147,150,179,136,157,267,282,245,230,221,189,257,294,255,256,229,58,160,171,142,68,empty
538,549,244,275,348,343,319,331,117,158,198,229,166,155,50,85,122,141,144,126,17,48,107,118,119,145,235,280,269,305,260,283,331,363,344,348,323,311,334,392,387,419,438,364,403,423,388,345,empty
322,329,146,165,209,207,191,209,70,95,118,145,99,93,30,51,73,87,86,75,10,29,64,81,82,88,233,277,272,311,287,313,631,668,595,604,579,628,638,751,763,823,877,850,852,913,878,875,empty
193,197,88,99,144,145,121,141,42,57,71,87,59,56,18,30,44,52,51,45,6,17,38,48,49,61,274,312,291,325,300,334,620,665,601,595,584,626,933,1019,953,1007,1039,1044,1030,1113,1083,1110,empty
116,118,52,59,124,119,89,109,25,34,42,52,35,33,10,18,26,31,31,27,3,10,23,29,29,37,164,187,175,195,180,200,430,482,424,362,350,392,886,954,854,890,904,915,1198,1251,1168,1186,empty
847,829,95,140,272,276,241,185,15,20,26,31,21,20,6,11,15,18,18,16,2,6,13,17,17,22,98,112,105,117,108,120,258,289,254,217,210,235,531,572,512,534,542,549,828,839,779,732,empty
1401,1387,199,277,449,440,418,377,9,39,99,86,62,48,3,6,9,11,11,9,1,3,8,10,10,13,59,67,63,70,64,72,154,173,152,130,126,141,319,343,307,320,325,329,496,503,467,439,empty
1773,1756,669,731,883,836,786,757,281,314,355,366,319,41,2,12,24,32,26,5,0,2,5,6,6,8,35,40,37,42,38,43,92,104,91,78,75,84,191,206,184,192,195,197,298,302,280,263,empty
1761,1752,767,840,971,928,867,848,385,420,457,468,423,253,109,135,154,185,149,75,19,35,53,55,41,4,21,24,22,25,23,25,55,62,55,46,45,50,114,123,110,115,117,118,178,181,168,158,empty
1242,1248,505,562,679,658,622,611,282,322,360,364,332,235,92,127,157,183,154,122,34,58,89,98,83,78,101,119,110,122,98,32,66,85,78,80,52,30,68,74,66,69,70,71,107,108,100,94,empty
745,749,303,356,446,457,415,412,171,197,248,274,238,190,55,80,120,149,130,139,20,67,104,116,105,119,191,224,205,231,175,167,321,362,320,323,289,272,268,266,272,278,261,261,241,259,233,230,empty
447,449,181,213,268,274,249,252,102,118,148,171,143,144,33,48,78,109,96,111,12,40,74,102,98,128,300,348,316,349,303,309,403,441,429,443,399,438,439,498,507,545,558,591,550,613,598,628,empty
268,269,109,128,160,164,149,176,61,71,89,102,85,86,20,29,46,65,58,67,7,24,49,67,58,78,336,385,343,378,337,356,679,714,649,667,619,676,651,791,810,871,914,977,933,1040,1019,1056,empty
161,161,65,76,120,127,104,124,37,42,53,61,51,51,12,17,28,39,34,40,4,14,29,40,35,47,220,273,248,256,228,213,671,693,605,623,576,629,892,987,938,976,989,1029,977,1079,1065,1107,empty
452,461,82,116,204,213,178,100,22,25,32,36,30,31,7,10,16,23,20,24,2,8,17,24,21,28,132,164,148,154,136,128,402,415,363,374,345,377,657,721,666,605,620,618,945,1023,939,975,empty
1084,1095,130,190,344,358,329,270,13,15,42,22,18,18,4,6,10,14,12,14,1,5,10,14,12,17,79,98,89,92,82,76,241,249,217,224,207,226,394,433,399,363,372,371,567,614,563,585,empty
1588,1592,567,620,763,744,694,646,119,144,209,205,173,11,2,3,11,8,7,8,0,3,6,8,7,10,47,59,53,55,49,46,145,149,130,134,124,135,236,259,239,217,223,222,340,368,338,351,empty
1830,1826,852,903,1024,983,943,892,342,375,432,429,379,283,144,147,167,169,140,43,0,5,21,5,4,6,28,35,32,33,29,27,87,89,78,80,74,81,141,155,143,130,133,133,204,221,202,210,empty
1605,1614,795,848,954,907,864,838,361,402,447,452,390,329,169,189,215,227,193,159,55,73,93,97,62,3,17,21,19,19,17,16,52,53,47,48,44,48,85,93,86,78,80,80,122,132,121,126,empty
1020,1041,477,542,627,608,577,571,229,272,302,335,286,259,125,158,188,205,177,167,59,82,112,127,93,73,106,130,133,139,119,120,206,217,200,197,170,144,181,198,176,177,148,48,73,79,73,75,empty
612,625,286,332,403,396,376,381,137,163,200,231,187,187,75,94,132,156,125,151,35,71,104,140,101,119,219,255,248,262,228,238,454,480,427,432,389,383,377,410,371,401,367,307,288,313,300,302,empty
367,375,171,199,242,244,227,241,82,98,120,148,126,115,45,56,79,112,119,103,21,42,74,109,82,92,336,390,344,382,350,365,471,525,503,555,540,598,601,686,657,740,744,747,698,762,746,762,empty
220,225,103,119,154,163,140,153,49,58,72,88,75,69,27,34,47,67,71,62,12,25,44,65,49,55,361,407,360,397,362,359,469,530,506,537,527,583,573,661,659,731,773,813,776,886,877,922,empty
132,135,61,80,118,139,106,110,29,35,43,53,45,41,16,20,28,40,42,37,7,15,26,39,29,33,216,244,216,250,217,215,486,504,461,322,316,349,804,870,771,820,834,865,824,909,892,926,empty
765,754,78,124,244,267,223,158,17,21,25,41,27,24,9,12,17,24,25,22,4,9,16,23,17,19,130,146,129,150,130,129,291,302,276,193,189,209,482,522,463,492,500,524,686,763,711,588,empty
1327,1317,154,222,376,391,368,350,10,27,59,87,48,14,5,7,10,14,15,13,2,5,9,14,10,11,78,87,77,90,78,77,175,181,165,116,113,125,289,313,277,295,300,314,411,458,426,352,empty
1761,1745,668,702,839,815,770,744,204,235,320,315,263,79,3,27,46,8,9,8,1,3,5,8,6,7,46,52,46,54,46,46,105,108,99,69,68,75,173,187,166,177,180,188,246,274,255,211,empty
1837,1827,860,887,1021,964,906,886,362,400,468,484,413,293,116,150,177,170,150,62,1,31,40,48,25,33,28,31,28,32,28,27,63,65,59,41,41,45,104,112,100,106,108,113,148,164,153,127,empty
1416,1415,598,633,760,710,684,699,301,351,370,412,348,278,107,152,178,184,163,120,32,72,85,108,71,19,37,55,53,87,21,16,37,39,35,25,24,27,62,67,60,63,64,67,88,98,92,76,empty
850,849,359,402,498,470,451,475,180,217,254,292,242,213,64,109,145,160,164,129,27,69,111,121,93,79,131,164,160,193,133,120,278,297,266,263,230,213,347,361,312,313,284,40,193,216,176,47,empty
510,509,215,241,299,282,271,285,108,130,158,195,149,128,38,65,102,126,125,115,16,53,99,120,107,117,251,297,285,319,265,270,347,379,370,388,349,345,406,509,462,501,498,388,467,524,491,413,empty
306,305,129,144,179,187,162,175,65,78,95,122,89,77,23,39,61,75,75,69,9,32,59,83,73,94,230,299,264,317,280,301,611,657,592,611,567,610,674,803,777,851,884,858,875,968,929,906,empty
183,183,77,86,126,153,109,117,39,46,57,73,53,46,13,23,36,45,45,41,5,19,35,50,43,56,232,289,255,294,262,211,801,839,713,727,680,714,1047,1137,1042,1080,1092,1097,1094,1192,1153,1157,empty
238,246,65,103,165,185,143,78,23,28,34,44,32,27,8,14,22,27,27,24,3,11,21,30,26,34,139,173,153,176,157,126,481,503,428,436,408,428,865,937,828,864,866,736,1081,1167,1065,1077,empty
935,935,116,174,310,336,280,47,14,16,29,26,19,16,4,8,13,16,16,14,2,6,12,18,15,20,83,104,91,105,94,76,288,302,256,261,245,257,519,562,496,518,519,441,654,722,662,648,empty
1471,1464,281,348,515,537,478,334,31,57,110,107,94,84,2,5,13,9,9,8,1,4,7,10,9,12,50,62,55,63,56,45,173,181,154,157,147,154,311,337,298,311,311,265,392,433,397,389,empty
1790,1777,705,758,901,879,810,714,288,321,374,371,331,70,6,31,40,52,55,36,0,11,22,6,5,7,30,37,33,38,33,27,103,108,92,94,88,92,186,202,178,186,187,159,235,260,238,233,empty
1713,1702,711,763,893,866,800,745,334,363,401,423,378,227,92,127,145,156,162,134,34,64,76,78,55,4,18,22,19,22,20,16,62,65,55,56,52,55,112,121,107,112,112,95,141,156,143,140,empty
1161,1166,426,464,590,579,542,517,222,260,314,324,282,190,75,113,139,157,156,146,40,78,98,110,79,87,106,128,124,116,103,53,143,151,130,133,107,39,67,72,64,67,67,57,84,93,85,84,empty
696,700,256,280,379,378,351,350,133,166,220,268,195,156,45,87,119,147,142,148,39,73,105,126,106,129,200,250,228,238,202,204,406,424,370,368,333,300,289,306,291,302,263,262,249,269,251,259,empty
418,420,153,168,234,238,217,229,80,100,150,180,119,93,27,52,78,111,99,99,23,44,90,103,93,140,318,376,341,364,322,355,446,487,457,504,494,513,513,578,582,628,627,650,617,666,663,689,empty
250,252,92,101,145,154,130,137,48,60,90,108,71,56,16,31,46,66,59,59,14,26,54,62,56,84,224,291,292,308,275,315,350,407,395,443,439,472,463,538,568,637,682,736,705,797,801,855,empty
150,151,55,66,118,118,97,93,28,36,54,64,42,33,9,18,28,40,35,35,8,15,32,37,33,50,134,174,175,206,165,189,466,502,448,486,462,351,773,833,757,811,816,871,826,899,886,939,empty
583,583,71,112,214,219,192,141,17,21,32,38,25,20,5,11,16,24,21,21,5,9,19,22,20,30,80,104,105,123,99,113,280,301,269,291,277,210,487,572,506,486,494,523,796,855,787,827,empty
1204,1186,139,199,378,371,334,302,10,15,59,35,15,12,3,6,10,14,12,12,3,5,11,13,12,18,48,62,63,74,59,68,168,180,161,175,166,126,292,343,304,292,296,313,477,513,472,496,empty
1674,1658,622,665,823,786,732,702,140,171,251,241,197,65,2,24,42,8,7,7,1,3,7,8,7,10,29,37,37,44,35,40,100,108,96,105,99,75,175,206,182,175,177,188,286,307,283,297,empty
1846,1835,856,901,1035,983,923,914,344,378,464,440,386,307,128,159,178,170,153,7,1,14,24,11,4,6,17,22,22,26,21,24,60,65,58,63,59,45,105,123,109,105,106,112,172,184,170,178,empty
1538,1548,694,751,886,839,786,785,318,360,425,431,362,322,139,178,203,207,186,110,43,72,84,84,67,37,10,25,39,44,22,14,36,39,34,37,35,27,63,74,65,63,64,67,103,110,102,107,empty
946,974,444,523,602,582,544,554,232,254,317,333,276,263,99,145,173,191,169,136,47,89,102,117,97,96,107,127,147,160,127,136,248,264,222,233,197,125,223,240,206,159,146,40,81,66,62,64,empty
567,584,266,314,367,379,340,359,139,152,190,219,174,185,59,88,123,138,114,131,28,84,94,117,109,129,237,272,271,287,253,268,315,347,343,344,303,271,313,348,328,343,351,302,296,312,291,294,empty
340,350,159,188,220,239,204,221,83,91,119,149,104,111,35,53,73,96,76,86,17,55,62,70,66,77,317,363,339,369,332,359,676,714,647,647,628,662,694,791,767,806,857,852,811,876,851,874,empty
204,210,95,113,143,155,122,133,50,55,71,89,62,66,21,31,44,58,45,51,10,33,37,42,39,46,342,356,326,379,326,291,893,923,791,792,758,785,792,877,881,924,980,999,966,1062,1042,1102,empty
122,126,57,92,139,139,108,113,30,33,43,53,37,40,12,19,26,34,27,31,6,19,22,25,23,28,205,213,196,227,195,174,658,673,580,475,455,477,835,879,820,856,883,903,871,951,926,972,empty
821,820,94,141,275,281,244,105,18,19,25,32,22,24,7,11,15,20,16,18,3,11,13,15,14,16,123,128,117,136,117,104,394,404,348,285,273,286,501,527,492,514,530,541,672,735,692,602,empty
1380,1376,192,254,438,431,401,321,10,35,59,91,49,14,4,6,9,12,9,11,2,7,8,9,8,10,73,77,70,81,70,62,236,242,208,171,163,171,300,316,295,308,318,325,403,441,415,361,empty
1767,1766,677,730,875,826,784,731,243,296,353,356,287,119,25,46,63,30,23,6,1,4,4,16,5,6,44,46,42,49,42,37,142,145,125,102,98,103,180,189,177,185,190,195,242,264,249,217,empty
1795,1790,815,866,989,945,884,867,363,417,463,473,409,309,128,159,183,172,148,29,0,20,27,44,24,3,26,27,25,29,25,22,85,87,75,61,58,61,108,113,106,111,114,117,145,158,149,130,empty
1321,1317,540,596,700,691,648,659,263,324,360,382,324,270,115,153,180,185,165,98,27,53,74,111,76,68,87,99,108,110,92,13,51,58,54,36,35,37,64,68,63,66,68,70,87,95,89,78,empty
792,790,331,384,466,465,434,452,157,200,248,272,227,211,75,119,152,173,123,104,22,58,88,121,95,106,169,197,175,187,161,125,292,311,276,272,258,246,228,245,241,252,226,142,302,307,258,51,empty
475,474,198,230,280,291,260,290,94,120,150,182,141,135,45,71,95,124,88,88,13,47,83,118,107,133,284,328,295,324,250,234,334,366,351,373,345,382,382,453,452,498,502,482,555,612,583,484,empty
285,284,119,138,168,177,156,176,56,72,92,114,85,81,27,43,57,83,53,53,8,28,49,78,64,79,328,376,325,359,300,309,625,666,600,599,584,643,669,775,787,857,901,925,947,1039,1009,975,empty
171,170,71,94,126,138,114,130,34,43,57,68,51,48,16,25,34,49,32,31,4,16,29,46,38,47,249,301,265,247,211,185,675,715,610,639,580,641,947,1031,961,1003,1020,1035,1046,1136,1099,1104,empty
365,381,84,127,193,204,169,129,20,25,34,41,30,29,9,15,20,29,19,19,2,10,17,28,23,28,149,181,159,148,127,111,405,429,366,383,348,385,725,792,728,691,696,711,1106,1174,1063,1081,empty
1027,1032,130,204,335,348,306,94,12,15,20,25,18,17,5,9,12,17,11,11,1,6,10,16,13,17,89,108,95,89,76,66,243,257,219,230,208,231,435,475,437,414,417,426,664,704,637,648,empty
1541,1541,575,648,739,749,685,552,105,134,185,194,163,83,3,9,29,10,6,6,1,3,6,10,8,10,53,65,57,53,45,40,146,154,131,138,125,138,261,285,262,248,250,255,398,422,382,389,empty
